"Datum","Standort","Parameter","Intervall","Einheit","Wert","Status"
"1992-07-01T00:00+0100","Zch_Stampfenbachstrasse","StrGlo","d1","W/m2",135.06,"bereinigt"
"1992-07-01T00:00+0100","Zch_Stampfenbachstrasse","T","d1","°C",18.99,"bereinigt"
"1992-07-01T00:00+0100","Zch_Stampfenbachstrasse","p","d1","hPa",963.06,"bereinigt"
"1992-07-01T00:00+0100","Zch_Stampfenbachstrasse","T_max_h1","d1","°C",21.72,"bereinigt"
"1992-07-02T00:00+0100","Zch_Stampfenbachstrasse","StrGlo","d1","W/m2",149.37,"bereinigt"
"1992-07-02T00:00+0100","Zch_Stampfenbachstrasse","T","d1","°C",18.36,"bereinigt"
"1992-07-02T00:00+0100","Zch_Stampfenbachstrasse","p","d1","hPa",965.23,"bereinigt"
"1992-07-02T00:00+0100","Zch_Stampfenbachstrasse","T_max_h1","d1","°C",21.98,"bereinigt"
"1992-07-03T00:00+0100","Zch_Stampfenbachstrasse","StrGlo","d1","W/m2",247.37,"bereinigt"
"1992-07-03T00:00+0100","Zch_Stampfenbachstrasse","T","d1","°C",21.47,"bereinigt"
"1992-07-03T00:00+0100","Zch_Stampfenbachstrasse","p","d1","hPa",965.09,"bereinigt"
"1992-07-03T00:00+0100","Zch_Stampfenbachstrasse","T_max_h1","d1","°C",26.3,"bereinigt"
"1992-07-04T00:00+0100","Zch_Stampfenbachstrasse","StrGlo","d1","W/m2",73.66,"bereinigt"
"1992-07-04T00:00+0100","Zch_Stampfenbachstrasse","T","d1","°C",17.53,"bereinigt"
"1992-07-04T00:00+0100","Zch_Stampfenbachstrasse","p","d1","hPa",960.75,"bereinigt"
"1992-07-04T00:00+0100","Zch_Stampfenbachstrasse","T_max_h1","d1","°C",20.55,"bereinigt"
"1992-07-05T00:00+0100","Zch_Stampfenbachstrasse","StrGlo","d1","W/m2",111.2,"bereinigt"
"1992-07-05T00:00+0100","Zch_Stampfenbachstrasse","T","d1","°C",15.56,"bereinigt"
"1992-07-05T00:00+0100","Zch_Stampfenbachstrasse","p","d1","hPa",957.95,"bereinigt"
"1992-07-05T00:00+0100","Zch_Stampfenbachstrasse","T_max_h1","d1","°C",18.11,"bereinigt"
"1992-07-06T00:00+0100","Zch_Stampfenbachstrasse","StrGlo","d1","W/m2",153.12,"bereinigt"
"1992-07-06T00:00+0100","Zch_Stampfenbachstrasse","T","d1","°C",17,"bereinigt"
"1992-07-06T00:00+0100","Zch_Stampfenbachstrasse","p","d1","hPa",960.04,"bereinigt"
"1992-07-06T00:00+0100","Zch_Stampfenbachstrasse","T_max_h1","d1","°C",20.41,"bereinigt"
"1992-07-07T00:00+0100","Zch_Stampfenbachstrasse","StrGlo","d1","W/m2",157.91,"bereinigt"
"1992-07-07T00:00+0100","Zch_Stampfenbachstrasse","T","d1","°C",17.71,"bereinigt"
"1992-07-07T00:00+0100","Zch_Stampfenbachstrasse","p","d1","hPa",964.4,"bereinigt"
"1992-07-07T00:00+0100","Zch_Stampfenbachstrasse","T_max_h1","d1","°C",21.26,"bereinigt"
"1992-07-08T00:00+0100","Zch_Stampfenbachstrasse","StrGlo","d1","W/m2",161.59,"bereinigt"
"1992-07-08T00:00+0100","Zch_Stampfenbachstrasse","T","d1","°C",18.62,"bereinigt"
"1992-07-08T00:00+0100","Zch_Stampfenbachstrasse","p","d1","hPa",966.14,"bereinigt"
"1992-07-08T00:00+0100","Zch_Stampfenbachstrasse","T_max_h1","d1","°C",22.24,"bereinigt"
"1992-07-09T00:00+0100","Zch_Stampfenbachstrasse","StrGlo","d1","W/m2",184.29,"bereinigt"
"1992-07-09T00:00+0100","Zch_Stampfenbachstrasse","T","d1","°C",19.64,"bereinigt"
"1992-07-09T00:00+0100","Zch_Stampfenbachstrasse","p","d1","hPa",963.56,"bereinigt"
"1992-07-09T00:00+0100","Zch_Stampfenbachstrasse","T_max_h1","d1","°C",24.98,"bereinigt"
"1992-07-10T00:00+0100","Zch_Stampfenbachstrasse","StrGlo","d1","W/m2",135.08,"bereinigt"
"1992-07-10T00:00+0100","Zch_Stampfenbachstrasse","T","d1","°C",17.98,"bereinigt"
"1992-07-10T00:00+0100","Zch_Stampfenbachstrasse","p","d1","hPa",960.48,"bereinigt"
"1992-07-10T00:00+0100","Zch_Stampfenbachstrasse","T_max_h1","d1","°C",21.76,"bereinigt"
"1992-07-11T00:00+0100","Zch_Stampfenbachstrasse","StrGlo","d1","W/m2",135.67,"bereinigt"
"1992-07-11T00:00+0100","Zch_Stampfenbachstrasse","T","d1","°C",15.97,"bereinigt"
"1992-07-11T00:00+0100","Zch_Stampfenbachstrasse","p","d1","hPa",962.13,"bereinigt"
"1992-07-11T00:00+0100","Zch_Stampfenbachstrasse","T_max_h1","d1","°C",19.03,"bereinigt"
"1992-07-12T00:00+0100","Zch_Stampfenbachstrasse","StrGlo","d1","W/m2",144.8,"bereinigt"
"1992-07-12T00:00+0100","Zch_Stampfenbachstrasse","T","d1","°C",16.32,"bereinigt"
"1992-07-12T00:00+0100","Zch_Stampfenbachstrasse","p","d1","hPa",962.44,"bereinigt"
"1992-07-12T00:00+0100","Zch_Stampfenbachstrasse","T_max_h1","d1","°C",20.47,"bereinigt"
"1992-07-13T00:00+0100","Zch_Stampfenbachstrasse","StrGlo","d1","W/m2",297.21,"bereinigt"
"1992-07-13T00:00+0100","Zch_Stampfenbachstrasse","T","d1","°C",19.21,"bereinigt"
"1992-07-13T00:00+0100","Zch_Stampfenbachstrasse","p","d1","hPa",968.79,"bereinigt"
"1992-07-13T00:00+0100","Zch_Stampfenbachstrasse","T_max_h1","d1","°C",23.86,"bereinigt"
"1992-07-14T00:00+0100","Zch_Stampfenbachstrasse","StrGlo","d1","W/m2",243.82,"bereinigt"
"1992-07-14T00:00+0100","Zch_Stampfenbachstrasse","T","d1","°C",21.06,"bereinigt"
"1992-07-14T00:00+0100","Zch_Stampfenbachstrasse","p","d1","hPa",968.91,"bereinigt"
"1992-07-14T00:00+0100","Zch_Stampfenbachstrasse","T_max_h1","d1","°C",25.51,"bereinigt"
"1992-07-15T00:00+0100","Zch_Stampfenbachstrasse","StrGlo","d1","W/m2",245.49,"bereinigt"
"1992-07-15T00:00+0100","Zch_Stampfenbachstrasse","T","d1","°C",22.77,"bereinigt"
"1992-07-15T00:00+0100","Zch_Stampfenbachstrasse","p","d1","hPa",968.23,"bereinigt"
"1992-07-15T00:00+0100","Zch_Stampfenbachstrasse","T_max_h1","d1","°C",26.96,"bereinigt"
"1992-07-16T00:00+0100","Zch_Stampfenbachstrasse","StrGlo","d1","W/m2",232.33,"bereinigt"
"1992-07-16T00:00+0100","Zch_Stampfenbachstrasse","T","d1","°C",22.77,"bereinigt"
"1992-07-16T00:00+0100","Zch_Stampfenbachstrasse","p","d1","hPa",967.4,"bereinigt"
"1992-07-16T00:00+0100","Zch_Stampfenbachstrasse","T_max_h1","d1","°C",28.12,"bereinigt"
"1992-07-17T00:00+0100","Zch_Stampfenbachstrasse","StrGlo","d1","W/m2",282.7,"bereinigt"
"1992-07-17T00:00+0100","Zch_Stampfenbachstrasse","T","d1","°C",23.64,"bereinigt"
"1992-07-17T00:00+0100","Zch_Stampfenbachstrasse","p","d1","hPa",969.33,"bereinigt"
"1992-07-17T00:00+0100","Zch_Stampfenbachstrasse","T_max_h1","d1","°C",29.48,"bereinigt"
"1992-07-18T00:00+0100","Zch_Stampfenbachstrasse","StrGlo","d1","W/m2",235.21,"bereinigt"
"1992-07-18T00:00+0100","Zch_Stampfenbachstrasse","T","d1","°C",23.27,"bereinigt"
"1992-07-18T00:00+0100","Zch_Stampfenbachstrasse","p","d1","hPa",971.53,"bereinigt"
"1992-07-18T00:00+0100","Zch_Stampfenbachstrasse","T_max_h1","d1","°C",26.22,"bereinigt"
"1992-07-19T00:00+0100","Zch_Stampfenbachstrasse","StrGlo","d1","W/m2",301.49,"bereinigt"
"1992-07-19T00:00+0100","Zch_Stampfenbachstrasse","T","d1","°C",24.4,"bereinigt"
"1992-07-19T00:00+0100","Zch_Stampfenbachstrasse","p","d1","hPa",968.44,"bereinigt"
"1992-07-19T00:00+0100","Zch_Stampfenbachstrasse","T_max_h1","d1","°C",29.68,"bereinigt"
"1992-07-20T00:00+0100","Zch_Stampfenbachstrasse","StrGlo","d1","W/m2",261.17,"bereinigt"
"1992-07-20T00:00+0100","Zch_Stampfenbachstrasse","T","d1","°C",26.28,"bereinigt"
"1992-07-20T00:00+0100","Zch_Stampfenbachstrasse","p","d1","hPa",964.12,"bereinigt"
"1992-07-20T00:00+0100","Zch_Stampfenbachstrasse","T_max_h1","d1","°C",32.11,"bereinigt"
"1992-07-21T00:00+0100","Zch_Stampfenbachstrasse","StrGlo","d1","W/m2",213.39,"bereinigt"
"1992-07-21T00:00+0100","Zch_Stampfenbachstrasse","T","d1","°C",24.97,"bereinigt"
"1992-07-21T00:00+0100","Zch_Stampfenbachstrasse","p","d1","hPa",963.17,"bereinigt"
"1992-07-21T00:00+0100","Zch_Stampfenbachstrasse","T_max_h1","d1","°C",31.32,"bereinigt"
"1992-07-22T00:00+0100","Zch_Stampfenbachstrasse","StrGlo","d1","W/m2",63.14,"bereinigt"
"1992-07-22T00:00+0100","Zch_Stampfenbachstrasse","T","d1","°C",18.65,"bereinigt"
"1992-07-22T00:00+0100","Zch_Stampfenbachstrasse","p","d1","hPa",970.74,"bereinigt"
"1992-07-22T00:00+0100","Zch_Stampfenbachstrasse","T_max_h1","d1","°C",20.05,"bereinigt"
"1992-07-23T00:00+0100","Zch_Stampfenbachstrasse","StrGlo","d1","W/m2",193.87,"bereinigt"
"1992-07-23T00:00+0100","Zch_Stampfenbachstrasse","T","d1","°C",20.5,"bereinigt"
"1992-07-23T00:00+0100","Zch_Stampfenbachstrasse","p","d1","hPa",970.56,"bereinigt"
"1992-07-23T00:00+0100","Zch_Stampfenbachstrasse","T_max_h1","d1","°C",25.22,"bereinigt"
"1992-07-24T00:00+0100","Zch_Stampfenbachstrasse","StrGlo","d1","W/m2",266.17,"bereinigt"
"1992-07-24T00:00+0100","Zch_Stampfenbachstrasse","T","d1","°C",23.63,"bereinigt"
"1992-07-24T00:00+0100","Zch_Stampfenbachstrasse","p","d1","hPa",967.22,"bereinigt"
"1992-07-24T00:00+0100","Zch_Stampfenbachstrasse","T_max_h1","d1","°C",29.68,"bereinigt"
"1992-07-25T00:00+0100","Zch_Stampfenbachstrasse","StrGlo","d1","W/m2",205.32,"bereinigt"
"1992-07-25T00:00+0100","Zch_Stampfenbachstrasse","T","d1","°C",23.36,"bereinigt"
"1992-07-25T00:00+0100","Zch_Stampfenbachstrasse","p","d1","hPa",967.86,"bereinigt"
"1992-07-25T00:00+0100","Zch_Stampfenbachstrasse","T_max_h1","d1","°C",26.83,"bereinigt"
"1992-07-26T00:00+0100","Zch_Stampfenbachstrasse","StrGlo","d1","W/m2",269.79,"bereinigt"
"1992-07-26T00:00+0100","Zch_Stampfenbachstrasse","T","d1","°C",23.56,"bereinigt"
"1992-07-26T00:00+0100","Zch_Stampfenbachstrasse","p","d1","hPa",969.19,"bereinigt"
"1992-07-26T00:00+0100","Zch_Stampfenbachstrasse","T_max_h1","d1","°C",28.72,"bereinigt"
"1992-07-27T00:00+0100","Zch_Stampfenbachstrasse","StrGlo","d1","W/m2",282.1,"bereinigt"
"1992-07-27T00:00+0100","Zch_Stampfenbachstrasse","T","d1","°C",24.78,"bereinigt"
"1992-07-27T00:00+0100","Zch_Stampfenbachstrasse","p","d1","hPa",969.92,"bereinigt"
"1992-07-27T00:00+0100","Zch_Stampfenbachstrasse","T_max_h1","d1","°C",30.54,"bereinigt"
"1992-07-28T00:00+0100","Zch_Stampfenbachstrasse","StrGlo","d1","W/m2",266.22,"bereinigt"
"1992-07-28T00:00+0100","Zch_Stampfenbachstrasse","T","d1","°C",21.83,"bereinigt"
"1992-07-28T00:00+0100","Zch_Stampfenbachstrasse","p","d1","hPa",973.82,"bereinigt"
"1992-07-28T00:00+0100","Zch_Stampfenbachstrasse","T_max_h1","d1","°C",24.55,"bereinigt"
"1992-07-29T00:00+0100","Zch_Stampfenbachstrasse","StrGlo","d1","W/m2",232.98,"bereinigt"
"1992-07-29T00:00+0100","Zch_Stampfenbachstrasse","T","d1","°C",22.35,"bereinigt"
"1992-07-29T00:00+0100","Zch_Stampfenbachstrasse","p","d1","hPa",969.61,"bereinigt"
"1992-07-29T00:00+0100","Zch_Stampfenbachstrasse","T_max_h1","d1","°C",28.66,"bereinigt"
"1992-07-30T00:00+0100","Zch_Stampfenbachstrasse","StrGlo","d1","W/m2",273.58,"bereinigt"
"1992-07-30T00:00+0100","Zch_Stampfenbachstrasse","T","d1","°C",27.14,"bereinigt"
"1992-07-30T00:00+0100","Zch_Stampfenbachstrasse","p","d1","hPa",969.1,"bereinigt"
"1992-07-30T00:00+0100","Zch_Stampfenbachstrasse","T_max_h1","d1","°C",32.91,"bereinigt"
"1992-07-31T00:00+0100","Zch_Stampfenbachstrasse","StrGlo","d1","W/m2",252.66,"bereinigt"
"1992-07-31T00:00+0100","Zch_Stampfenbachstrasse","T","d1","°C",27.38,"bereinigt"
"1992-07-31T00:00+0100","Zch_Stampfenbachstrasse","p","d1","hPa",967.38,"bereinigt"
"1992-07-31T00:00+0100","Zch_Stampfenbachstrasse","T_max_h1","d1","°C",32.56,"bereinigt"
"1992-08-01T00:00+0100","Zch_Stampfenbachstrasse","StrGlo","d1","W/m2",205.03,"bereinigt"
"1992-08-01T00:00+0100","Zch_Stampfenbachstrasse","T","d1","°C",24.35,"bereinigt"
"1992-08-01T00:00+0100","Zch_Stampfenbachstrasse","p","d1","hPa",965.56,"bereinigt"
"1992-08-01T00:00+0100","Zch_Stampfenbachstrasse","T_max_h1","d1","°C",28.73,"bereinigt"
"1992-08-02T00:00+0100","Zch_Stampfenbachstrasse","StrGlo","d1","W/m2",258.07,"bereinigt"
"1992-08-02T00:00+0100","Zch_Stampfenbachstrasse","T","d1","°C",26.36,"bereinigt"
"1992-08-02T00:00+0100","Zch_Stampfenbachstrasse","p","d1","hPa",964.33,"bereinigt"
"1992-08-02T00:00+0100","Zch_Stampfenbachstrasse","T_max_h1","d1","°C",32.04,"bereinigt"
"1992-08-03T00:00+0100","Zch_Stampfenbachstrasse","StrGlo","d1","W/m2",247.75,"bereinigt"
"1992-08-03T00:00+0100","Zch_Stampfenbachstrasse","T","d1","°C",26.32,"bereinigt"
"1992-08-03T00:00+0100","Zch_Stampfenbachstrasse","p","d1","hPa",963.02,"bereinigt"
"1992-08-03T00:00+0100","Zch_Stampfenbachstrasse","T_max_h1","d1","°C",33.06,"bereinigt"
"1992-08-04T00:00+0100","Zch_Stampfenbachstrasse","StrGlo","d1","W/m2",119.37,"bereinigt"
"1992-08-04T00:00+0100","Zch_Stampfenbachstrasse","T","d1","°C",21.99,"bereinigt"
"1992-08-04T00:00+0100","Zch_Stampfenbachstrasse","p","d1","hPa",969.36,"bereinigt"
"1992-08-04T00:00+0100","Zch_Stampfenbachstrasse","T_max_h1","d1","°C",24.61,"bereinigt"
"1992-08-05T00:00+0100","Zch_Stampfenbachstrasse","StrGlo","d1","W/m2",271.01,"bereinigt"
"1992-08-05T00:00+0100","Zch_Stampfenbachstrasse","T","d1","°C",23.16,"bereinigt"
"1992-08-05T00:00+0100","Zch_Stampfenbachstrasse","p","d1","hPa",971.59,"bereinigt"
"1992-08-05T00:00+0100","Zch_Stampfenbachstrasse","T_max_h1","d1","°C",28.77,"bereinigt"
"1992-08-06T00:00+0100","Zch_Stampfenbachstrasse","StrGlo","d1","W/m2",227.61,"bereinigt"
"1992-08-06T00:00+0100","Zch_Stampfenbachstrasse","T","d1","°C",26.08,"bereinigt"
"1992-08-06T00:00+0100","Zch_Stampfenbachstrasse","p","d1","hPa",970.95,"bereinigt"
"1992-08-06T00:00+0100","Zch_Stampfenbachstrasse","T_max_h1","d1","°C",31.15,"bereinigt"
"1992-08-07T00:00+0100","Zch_Stampfenbachstrasse","StrGlo","d1","W/m2",243.97,"bereinigt"
"1992-08-07T00:00+0100","Zch_Stampfenbachstrasse","T","d1","°C",27.42,"bereinigt"
"1992-08-07T00:00+0100","Zch_Stampfenbachstrasse","p","d1","hPa",968.67,"bereinigt"
"1992-08-07T00:00+0100","Zch_Stampfenbachstrasse","T_max_h1","d1","°C",32.78,"bereinigt"
"1992-08-08T00:00+0100","Zch_Stampfenbachstrasse","StrGlo","d1","W/m2",264.61,"bereinigt"
"1992-08-08T00:00+0100","Zch_Stampfenbachstrasse","T","d1","°C",27.9,"bereinigt"
"1992-08-08T00:00+0100","Zch_Stampfenbachstrasse","p","d1","hPa",965.57,"bereinigt"
"1992-08-08T00:00+0100","Zch_Stampfenbachstrasse","T_max_h1","d1","°C",33.74,"bereinigt"
"1992-08-09T00:00+0100","Zch_Stampfenbachstrasse","StrGlo","d1","W/m2",260.8,"bereinigt"
"1992-08-09T00:00+0100","Zch_Stampfenbachstrasse","T","d1","°C",28.6,"bereinigt"
"1992-08-09T00:00+0100","Zch_Stampfenbachstrasse","p","d1","hPa",961.45,"bereinigt"
"1992-08-09T00:00+0100","Zch_Stampfenbachstrasse","T_max_h1","d1","°C",33.35,"bereinigt"
"1992-08-10T00:00+0100","Zch_Stampfenbachstrasse","StrGlo","d1","W/m2",49.72,"bereinigt"
"1992-08-10T00:00+0100","Zch_Stampfenbachstrasse","T","d1","°C",19.04,"bereinigt"
"1992-08-10T00:00+0100","Zch_Stampfenbachstrasse","p","d1","hPa",964.84,"bereinigt"
"1992-08-10T00:00+0100","Zch_Stampfenbachstrasse","T_max_h1","d1","°C",24.32,"bereinigt"
"1992-08-11T00:00+0100","Zch_Stampfenbachstrasse","StrGlo","d1","W/m2",246.57,"bereinigt"
"1992-08-11T00:00+0100","Zch_Stampfenbachstrasse","T","d1","°C",20.65,"bereinigt"
"1992-08-11T00:00+0100","Zch_Stampfenbachstrasse","p","d1","hPa",967.34,"bereinigt"
"1992-08-11T00:00+0100","Zch_Stampfenbachstrasse","T_max_h1","d1","°C",24.96,"bereinigt"
"1992-08-12T00:00+0100","Zch_Stampfenbachstrasse","StrGlo","d1","W/m2",261.07,"bereinigt"
"1992-08-12T00:00+0100","Zch_Stampfenbachstrasse","T","d1","°C",21.56,"bereinigt"
"1992-08-12T00:00+0100","Zch_Stampfenbachstrasse","p","d1","hPa",969.21,"bereinigt"
"1992-08-12T00:00+0100","Zch_Stampfenbachstrasse","T_max_h1","d1","°C",25.58,"bereinigt"
"1992-08-13T00:00+0100","Zch_Stampfenbachstrasse","StrGlo","d1","W/m2",225.62,"bereinigt"
"1992-08-13T00:00+0100","Zch_Stampfenbachstrasse","T","d1","°C",20.84,"bereinigt"
"1992-08-13T00:00+0100","Zch_Stampfenbachstrasse","p","d1","hPa",966.9,"bereinigt"
"1992-08-13T00:00+0100","Zch_Stampfenbachstrasse","T_max_h1","d1","°C",25.15,"bereinigt"
"1992-08-14T00:00+0100","Zch_Stampfenbachstrasse","StrGlo","d1","W/m2",75.39,"bereinigt"
"1992-08-14T00:00+0100","Zch_Stampfenbachstrasse","T","d1","°C",18.07,"bereinigt"
"1992-08-14T00:00+0100","Zch_Stampfenbachstrasse","p","d1","hPa",962.44,"bereinigt"
"1992-08-14T00:00+0100","Zch_Stampfenbachstrasse","T_max_h1","d1","°C",19.86,"bereinigt"
"1992-08-15T00:00+0100","Zch_Stampfenbachstrasse","StrGlo","d1","W/m2",199.29,"bereinigt"
"1992-08-15T00:00+0100","Zch_Stampfenbachstrasse","T","d1","°C",18,"bereinigt"
"1992-08-15T00:00+0100","Zch_Stampfenbachstrasse","p","d1","hPa",964.59,"bereinigt"
"1992-08-15T00:00+0100","Zch_Stampfenbachstrasse","T_max_h1","d1","°C",22.12,"bereinigt"
"1992-08-16T00:00+0100","Zch_Stampfenbachstrasse","StrGlo","d1","W/m2",234.72,"bereinigt"
"1992-08-16T00:00+0100","Zch_Stampfenbachstrasse","T","d1","°C",19.97,"bereinigt"
"1992-08-16T00:00+0100","Zch_Stampfenbachstrasse","p","d1","hPa",966.74,"bereinigt"
"1992-08-16T00:00+0100","Zch_Stampfenbachstrasse","T_max_h1","d1","°C",25.29,"bereinigt"
"1992-08-17T00:00+0100","Zch_Stampfenbachstrasse","StrGlo","d1","W/m2",261.09,"bereinigt"
"1992-08-17T00:00+0100","Zch_Stampfenbachstrasse","T","d1","°C",23.19,"bereinigt"
"1992-08-17T00:00+0100","Zch_Stampfenbachstrasse","p","d1","hPa",967.2,"bereinigt"
"1992-08-17T00:00+0100","Zch_Stampfenbachstrasse","T_max_h1","d1","°C",29.51,"bereinigt"
"1992-08-18T00:00+0100","Zch_Stampfenbachstrasse","StrGlo","d1","W/m2",254.41,"bereinigt"
"1992-08-18T00:00+0100","Zch_Stampfenbachstrasse","T","d1","°C",25.28,"bereinigt"
"1992-08-18T00:00+0100","Zch_Stampfenbachstrasse","p","d1","hPa",965.56,"bereinigt"
"1992-08-18T00:00+0100","Zch_Stampfenbachstrasse","T_max_h1","d1","°C",31.41,"bereinigt"
"1992-08-19T00:00+0100","Zch_Stampfenbachstrasse","StrGlo","d1","W/m2",223.97,"bereinigt"
"1992-08-19T00:00+0100","Zch_Stampfenbachstrasse","T","d1","°C",26.65,"bereinigt"
"1992-08-19T00:00+0100","Zch_Stampfenbachstrasse","p","d1","hPa",964.03,"bereinigt"
"1992-08-19T00:00+0100","Zch_Stampfenbachstrasse","T_max_h1","d1","°C",32.01,"bereinigt"
"1992-08-20T00:00+0100","Zch_Stampfenbachstrasse","StrGlo","d1","W/m2",190.08,"bereinigt"
"1992-08-20T00:00+0100","Zch_Stampfenbachstrasse","T","d1","°C",25.38,"bereinigt"
"1992-08-20T00:00+0100","Zch_Stampfenbachstrasse","p","d1","hPa",961.41,"bereinigt"
"1992-08-20T00:00+0100","Zch_Stampfenbachstrasse","T_max_h1","d1","°C",32.27,"bereinigt"
"1992-08-21T00:00+0100","Zch_Stampfenbachstrasse","StrGlo","d1","W/m2",195.94,"bereinigt"
"1992-08-21T00:00+0100","Zch_Stampfenbachstrasse","T","d1","°C",23.39,"bereinigt"
"1992-08-21T00:00+0100","Zch_Stampfenbachstrasse","p","d1","hPa",962.4,"bereinigt"
"1992-08-21T00:00+0100","Zch_Stampfenbachstrasse","T_max_h1","d1","°C",28.77,"bereinigt"
"1992-08-22T00:00+0100","Zch_Stampfenbachstrasse","StrGlo","d1","W/m2",185.09,"bereinigt"
"1992-08-22T00:00+0100","Zch_Stampfenbachstrasse","T","d1","°C",22.28,"bereinigt"
"1992-08-22T00:00+0100","Zch_Stampfenbachstrasse","p","d1","hPa",961.79,"bereinigt"
"1992-08-22T00:00+0100","Zch_Stampfenbachstrasse","T_max_h1","d1","°C",26.64,"bereinigt"
"1992-08-23T00:00+0100","Zch_Stampfenbachstrasse","StrGlo","d1","W/m2",127.83,"bereinigt"
"1992-08-23T00:00+0100","Zch_Stampfenbachstrasse","T","d1","°C",20.57,"bereinigt"
"1992-08-23T00:00+0100","Zch_Stampfenbachstrasse","p","d1","hPa",964.94,"bereinigt"
"1992-08-23T00:00+0100","Zch_Stampfenbachstrasse","T_max_h1","d1","°C",23.7,"bereinigt"
"1992-08-24T00:00+0100","Zch_Stampfenbachstrasse","StrGlo","d1","W/m2",186.46,"bereinigt"
"1992-08-24T00:00+0100","Zch_Stampfenbachstrasse","T","d1","°C",22.3,"bereinigt"
"1992-08-24T00:00+0100","Zch_Stampfenbachstrasse","p","d1","hPa",968.65,"bereinigt"
"1992-08-24T00:00+0100","Zch_Stampfenbachstrasse","T_max_h1","d1","°C",27.1,"bereinigt"
"1992-08-25T00:00+0100","Zch_Stampfenbachstrasse","StrGlo","d1","W/m2",229.7,"bereinigt"
"1992-08-25T00:00+0100","Zch_Stampfenbachstrasse","T","d1","°C",24.36,"bereinigt"
"1992-08-25T00:00+0100","Zch_Stampfenbachstrasse","p","d1","hPa",967.64,"bereinigt"
"1992-08-25T00:00+0100","Zch_Stampfenbachstrasse","T_max_h1","d1","°C",30.35,"bereinigt"
"1992-08-26T00:00+0100","Zch_Stampfenbachstrasse","StrGlo","d1","W/m2",195.33,"bereinigt"
"1992-08-26T00:00+0100","Zch_Stampfenbachstrasse","T","d1","°C",25.22,"bereinigt"
"1992-08-26T00:00+0100","Zch_Stampfenbachstrasse","p","d1","hPa",963.83,"bereinigt"
"1992-08-26T00:00+0100","Zch_Stampfenbachstrasse","T_max_h1","d1","°C",31.65,"bereinigt"
"1992-08-27T00:00+0100","Zch_Stampfenbachstrasse","StrGlo","d1","W/m2",208.67,"bereinigt"
"1992-08-27T00:00+0100","Zch_Stampfenbachstrasse","T","d1","°C",24.85,"bereinigt"
"1992-08-27T00:00+0100","Zch_Stampfenbachstrasse","p","d1","hPa",963.29,"bereinigt"
"1992-08-27T00:00+0100","Zch_Stampfenbachstrasse","T_max_h1","d1","°C",29.18,"bereinigt"
"1992-08-28T00:00+0100","Zch_Stampfenbachstrasse","StrGlo","d1","W/m2",213.57,"bereinigt"
"1992-08-28T00:00+0100","Zch_Stampfenbachstrasse","T","d1","°C",27.06,"bereinigt"
"1992-08-28T00:00+0100","Zch_Stampfenbachstrasse","p","d1","hPa",957.96,"bereinigt"
"1992-08-28T00:00+0100","Zch_Stampfenbachstrasse","T_max_h1","d1","°C",33.41,"bereinigt"
"1992-08-29T00:00+0100","Zch_Stampfenbachstrasse","StrGlo","d1","W/m2",119.85,"bereinigt"
"1992-08-29T00:00+0100","Zch_Stampfenbachstrasse","T","d1","°C",21.1,"bereinigt"
"1992-08-29T00:00+0100","Zch_Stampfenbachstrasse","p","d1","hPa",956.44,"bereinigt"
"1992-08-29T00:00+0100","Zch_Stampfenbachstrasse","T_max_h1","d1","°C",25.82,"bereinigt"
"1992-08-30T00:00+0100","Zch_Stampfenbachstrasse","StrGlo","d1","W/m2",185.62,"bereinigt"
"1992-08-30T00:00+0100","Zch_Stampfenbachstrasse","T","d1","°C",19.3,"bereinigt"
"1992-08-30T00:00+0100","Zch_Stampfenbachstrasse","p","d1","hPa",956.88,"bereinigt"
"1992-08-30T00:00+0100","Zch_Stampfenbachstrasse","T_max_h1","d1","°C",23.75,"bereinigt"
"1992-08-31T00:00+0100","Zch_Stampfenbachstrasse","StrGlo","d1","W/m2",86.07,"bereinigt"
"1992-08-31T00:00+0100","Zch_Stampfenbachstrasse","T","d1","°C",16.92,"bereinigt"
"1992-08-31T00:00+0100","Zch_Stampfenbachstrasse","p","d1","hPa",953.57,"bereinigt"
"1992-08-31T00:00+0100","Zch_Stampfenbachstrasse","T_max_h1","d1","°C",20.52,"bereinigt"
"1992-09-01T00:00+0100","Zch_Stampfenbachstrasse","StrGlo","d1","W/m2",171.14,"bereinigt"
"1992-09-01T00:00+0100","Zch_Stampfenbachstrasse","T","d1","°C",13.47,"bereinigt"
"1992-09-01T00:00+0100","Zch_Stampfenbachstrasse","p","d1","hPa",966.54,"bereinigt"
"1992-09-01T00:00+0100","Zch_Stampfenbachstrasse","T_max_h1","d1","°C",16.54,"bereinigt"
"1992-09-02T00:00+0100","Zch_Stampfenbachstrasse","StrGlo","d1","W/m2",228.67,"bereinigt"
"1992-09-02T00:00+0100","Zch_Stampfenbachstrasse","T","d1","°C",17.18,"bereinigt"
"1992-09-02T00:00+0100","Zch_Stampfenbachstrasse","p","d1","hPa",969.99,"bereinigt"
"1992-09-02T00:00+0100","Zch_Stampfenbachstrasse","T_max_h1","d1","°C",22.27,"bereinigt"
"1992-09-03T00:00+0100","Zch_Stampfenbachstrasse","StrGlo","d1","W/m2",123.76,"bereinigt"
"1992-09-03T00:00+0100","Zch_Stampfenbachstrasse","T","d1","°C",18.68,"bereinigt"
"1992-09-03T00:00+0100","Zch_Stampfenbachstrasse","p","d1","hPa",967.28,"bereinigt"
"1992-09-03T00:00+0100","Zch_Stampfenbachstrasse","T_max_h1","d1","°C",21.33,"bereinigt"
"1992-09-04T00:00+0100","Zch_Stampfenbachstrasse","StrGlo","d1","W/m2",76.09,"bereinigt"
"1992-09-04T00:00+0100","Zch_Stampfenbachstrasse","T","d1","°C",12.07,"bereinigt"
"1992-09-04T00:00+0100","Zch_Stampfenbachstrasse","p","d1","hPa",966.38,"bereinigt"
"1992-09-04T00:00+0100","Zch_Stampfenbachstrasse","T_max_h1","d1","°C",15.9,"bereinigt"
"1992-09-05T00:00+0100","Zch_Stampfenbachstrasse","StrGlo","d1","W/m2",116.11,"bereinigt"
"1992-09-05T00:00+0100","Zch_Stampfenbachstrasse","T","d1","°C",11.1,"bereinigt"
"1992-09-05T00:00+0100","Zch_Stampfenbachstrasse","p","d1","hPa",971.52,"bereinigt"
"1992-09-05T00:00+0100","Zch_Stampfenbachstrasse","T_max_h1","d1","°C",14.09,"bereinigt"
"1992-09-06T00:00+0100","Zch_Stampfenbachstrasse","StrGlo","d1","W/m2",219.29,"bereinigt"
"1992-09-06T00:00+0100","Zch_Stampfenbachstrasse","T","d1","°C",12.14,"bereinigt"
"1992-09-06T00:00+0100","Zch_Stampfenbachstrasse","p","d1","hPa",969.93,"bereinigt"
"1992-09-06T00:00+0100","Zch_Stampfenbachstrasse","T_max_h1","d1","°C",17.26,"bereinigt"
"1992-09-07T00:00+0100","Zch_Stampfenbachstrasse","StrGlo","d1","W/m2",202.02,"bereinigt"
"1992-09-07T00:00+0100","Zch_Stampfenbachstrasse","T","d1","°C",15.73,"bereinigt"
"1992-09-07T00:00+0100","Zch_Stampfenbachstrasse","p","d1","hPa",964.94,"bereinigt"
"1992-09-07T00:00+0100","Zch_Stampfenbachstrasse","T_max_h1","d1","°C",22.71,"bereinigt"
"1992-09-08T00:00+0100","Zch_Stampfenbachstrasse","StrGlo","d1","W/m2",31.16,"bereinigt"
"1992-09-08T00:00+0100","Zch_Stampfenbachstrasse","T","d1","°C",15.94,"bereinigt"
"1992-09-08T00:00+0100","Zch_Stampfenbachstrasse","p","d1","hPa",967.56,"bereinigt"
"1992-09-08T00:00+0100","Zch_Stampfenbachstrasse","T_max_h1","d1","°C",17.35,"bereinigt"
"1992-09-09T00:00+0100","Zch_Stampfenbachstrasse","StrGlo","d1","W/m2",60.76,"bereinigt"
"1992-09-09T00:00+0100","Zch_Stampfenbachstrasse","T","d1","°C",15.29,"bereinigt"
"1992-09-09T00:00+0100","Zch_Stampfenbachstrasse","p","d1","hPa",970,"bereinigt"
"1992-09-09T00:00+0100","Zch_Stampfenbachstrasse","T_max_h1","d1","°C",17.14,"bereinigt"
"1992-09-10T00:00+0100","Zch_Stampfenbachstrasse","StrGlo","d1","W/m2",102.98,"bereinigt"
"1992-09-10T00:00+0100","Zch_Stampfenbachstrasse","T","d1","°C",16.53,"bereinigt"
"1992-09-10T00:00+0100","Zch_Stampfenbachstrasse","p","d1","hPa",968.89,"bereinigt"
"1992-09-10T00:00+0100","Zch_Stampfenbachstrasse","T_max_h1","d1","°C",20.23,"bereinigt"
"1992-09-11T00:00+0100","Zch_Stampfenbachstrasse","StrGlo","d1","W/m2",199.1,"bereinigt"
"1992-09-11T00:00+0100","Zch_Stampfenbachstrasse","T","d1","°C",18.91,"bereinigt"
"1992-09-11T00:00+0100","Zch_Stampfenbachstrasse","p","d1","hPa",969.15,"bereinigt"
"1992-09-11T00:00+0100","Zch_Stampfenbachstrasse","T_max_h1","d1","°C",24.81,"bereinigt"
"1992-09-12T00:00+0100","Zch_Stampfenbachstrasse","StrGlo","d1","W/m2",71.01,"bereinigt"
"1992-09-12T00:00+0100","Zch_Stampfenbachstrasse","T","d1","°C",17.05,"bereinigt"
"1992-09-12T00:00+0100","Zch_Stampfenbachstrasse","p","d1","hPa",972.19,"bereinigt"
"1992-09-12T00:00+0100","Zch_Stampfenbachstrasse","T_max_h1","d1","°C",18.63,"bereinigt"
"1992-09-13T00:00+0100","Zch_Stampfenbachstrasse","StrGlo","d1","W/m2",165.49,"bereinigt"
"1992-09-13T00:00+0100","Zch_Stampfenbachstrasse","T","d1","°C",18.82,"bereinigt"
"1992-09-13T00:00+0100","Zch_Stampfenbachstrasse","p","d1","hPa",966.7,"bereinigt"
"1992-09-13T00:00+0100","Zch_Stampfenbachstrasse","T_max_h1","d1","°C",23.23,"bereinigt"
"1992-09-14T00:00+0100","Zch_Stampfenbachstrasse","StrGlo","d1","W/m2",52.37,"bereinigt"
"1992-09-14T00:00+0100","Zch_Stampfenbachstrasse","T","d1","°C",17.04,"bereinigt"
"1992-09-14T00:00+0100","Zch_Stampfenbachstrasse","p","d1","hPa",966.12,"bereinigt"
"1992-09-14T00:00+0100","Zch_Stampfenbachstrasse","T_max_h1","d1","°C",18.15,"bereinigt"
"1992-09-15T00:00+0100","Zch_Stampfenbachstrasse","StrGlo","d1","W/m2",154.13,"bereinigt"
"1992-09-15T00:00+0100","Zch_Stampfenbachstrasse","T","d1","°C",17.81,"bereinigt"
"1992-09-15T00:00+0100","Zch_Stampfenbachstrasse","p","d1","hPa",971.21,"bereinigt"
"1992-09-15T00:00+0100","Zch_Stampfenbachstrasse","T_max_h1","d1","°C",21.93,"bereinigt"
"1992-09-16T00:00+0100","Zch_Stampfenbachstrasse","StrGlo","d1","W/m2",194.62,"bereinigt"
"1992-09-16T00:00+0100","Zch_Stampfenbachstrasse","T","d1","°C",18.21,"bereinigt"
"1992-09-16T00:00+0100","Zch_Stampfenbachstrasse","p","d1","hPa",971.24,"bereinigt"
"1992-09-16T00:00+0100","Zch_Stampfenbachstrasse","T_max_h1","d1","°C",24.17,"bereinigt"
"1992-09-17T00:00+0100","Zch_Stampfenbachstrasse","StrGlo","d1","W/m2",189.11,"bereinigt"
"1992-09-17T00:00+0100","Zch_Stampfenbachstrasse","T","d1","°C",18.07,"bereinigt"
"1992-09-17T00:00+0100","Zch_Stampfenbachstrasse","p","d1","hPa",968.12,"bereinigt"
"1992-09-17T00:00+0100","Zch_Stampfenbachstrasse","T_max_h1","d1","°C",24.26,"bereinigt"
"1992-09-18T00:00+0100","Zch_Stampfenbachstrasse","StrGlo","d1","W/m2",168.6,"bereinigt"
"1992-09-18T00:00+0100","Zch_Stampfenbachstrasse","T","d1","°C",19.04,"bereinigt"
"1992-09-18T00:00+0100","Zch_Stampfenbachstrasse","p","d1","hPa",967.57,"bereinigt"
"1992-09-18T00:00+0100","Zch_Stampfenbachstrasse","T_max_h1","d1","°C",24.29,"bereinigt"
"1992-09-19T00:00+0100","Zch_Stampfenbachstrasse","StrGlo","d1","W/m2",59.66,"bereinigt"
"1992-09-19T00:00+0100","Zch_Stampfenbachstrasse","T","d1","°C",18.44,"bereinigt"
"1992-09-19T00:00+0100","Zch_Stampfenbachstrasse","p","d1","hPa",967.5,"bereinigt"
"1992-09-19T00:00+0100","Zch_Stampfenbachstrasse","T_max_h1","d1","°C",20.29,"bereinigt"
"1992-09-20T00:00+0100","Zch_Stampfenbachstrasse","StrGlo","d1","W/m2",121.54,"bereinigt"
"1992-09-20T00:00+0100","Zch_Stampfenbachstrasse","T","d1","°C",17.68,"bereinigt"
"1992-09-20T00:00+0100","Zch_Stampfenbachstrasse","p","d1","hPa",967.14,"bereinigt"
"1992-09-20T00:00+0100","Zch_Stampfenbachstrasse","T_max_h1","d1","°C",20.56,"bereinigt"
"1992-09-21T00:00+0100","Zch_Stampfenbachstrasse","StrGlo","d1","W/m2",151.54,"bereinigt"
"1992-09-21T00:00+0100","Zch_Stampfenbachstrasse","T","d1","°C",18.43,"bereinigt"
"1992-09-21T00:00+0100","Zch_Stampfenbachstrasse","p","d1","hPa",963.7,"bereinigt"
"1992-09-21T00:00+0100","Zch_Stampfenbachstrasse","T_max_h1","d1","°C",23.71,"bereinigt"
"1992-09-22T00:00+0100","Zch_Stampfenbachstrasse","StrGlo","d1","W/m2",150.31,"bereinigt"
"1992-09-22T00:00+0100","Zch_Stampfenbachstrasse","T","d1","°C",18.61,"bereinigt"
"1992-09-22T00:00+0100","Zch_Stampfenbachstrasse","p","d1","hPa",960.43,"bereinigt"
"1992-09-22T00:00+0100","Zch_Stampfenbachstrasse","T_max_h1","d1","°C",27.44,"bereinigt"
"1992-09-23T00:00+0100","Zch_Stampfenbachstrasse","StrGlo","d1","W/m2",45.37,"bereinigt"
"1992-09-23T00:00+0100","Zch_Stampfenbachstrasse","T","d1","°C",15.82,"bereinigt"
"1992-09-23T00:00+0100","Zch_Stampfenbachstrasse","p","d1","hPa",966.4,"bereinigt"
"1992-09-23T00:00+0100","Zch_Stampfenbachstrasse","T_max_h1","d1","°C",18.01,"bereinigt"
"1992-09-24T00:00+0100","Zch_Stampfenbachstrasse","StrGlo","d1","W/m2",NA,"bereinigt"
"1992-09-24T00:00+0100","Zch_Stampfenbachstrasse","T","d1","°C",NA,"bereinigt"
"1992-09-24T00:00+0100","Zch_Stampfenbachstrasse","p","d1","hPa",NA,"bereinigt"
"1992-09-24T00:00+0100","Zch_Stampfenbachstrasse","T_max_h1","d1","°C",NA,"bereinigt"
"1992-09-25T00:00+0100","Zch_Stampfenbachstrasse","StrGlo","d1","W/m2",133.71,"bereinigt"
"1992-09-25T00:00+0100","Zch_Stampfenbachstrasse","T","d1","°C",14.59,"bereinigt"
"1992-09-25T00:00+0100","Zch_Stampfenbachstrasse","p","d1","hPa",966.85,"bereinigt"
"1992-09-25T00:00+0100","Zch_Stampfenbachstrasse","T_max_h1","d1","°C",18.82,"bereinigt"
"1992-09-26T00:00+0100","Zch_Stampfenbachstrasse","StrGlo","d1","W/m2",159.87,"bereinigt"
"1992-09-26T00:00+0100","Zch_Stampfenbachstrasse","T","d1","°C",15.55,"bereinigt"
"1992-09-26T00:00+0100","Zch_Stampfenbachstrasse","p","d1","hPa",966.43,"bereinigt"
"1992-09-26T00:00+0100","Zch_Stampfenbachstrasse","T_max_h1","d1","°C",21.24,"bereinigt"
"1992-09-27T00:00+0100","Zch_Stampfenbachstrasse","StrGlo","d1","W/m2",167.19,"bereinigt"
"1992-09-27T00:00+0100","Zch_Stampfenbachstrasse","T","d1","°C",17.35,"bereinigt"
"1992-09-27T00:00+0100","Zch_Stampfenbachstrasse","p","d1","hPa",961.75,"bereinigt"
"1992-09-27T00:00+0100","Zch_Stampfenbachstrasse","T_max_h1","d1","°C",23.07,"bereinigt"
"1992-09-28T00:00+0100","Zch_Stampfenbachstrasse","StrGlo","d1","W/m2",51.57,"bereinigt"
"1992-09-28T00:00+0100","Zch_Stampfenbachstrasse","T","d1","°C",15.75,"bereinigt"
"1992-09-28T00:00+0100","Zch_Stampfenbachstrasse","p","d1","hPa",962.97,"bereinigt"
"1992-09-28T00:00+0100","Zch_Stampfenbachstrasse","T_max_h1","d1","°C",17.38,"bereinigt"
"1992-09-29T00:00+0100","Zch_Stampfenbachstrasse","StrGlo","d1","W/m2",42.84,"bereinigt"
"1992-09-29T00:00+0100","Zch_Stampfenbachstrasse","T","d1","°C",13.36,"bereinigt"
"1992-09-29T00:00+0100","Zch_Stampfenbachstrasse","p","d1","hPa",966.34,"bereinigt"
"1992-09-29T00:00+0100","Zch_Stampfenbachstrasse","T_max_h1","d1","°C",14.78,"bereinigt"
"1992-09-30T00:00+0100","Zch_Stampfenbachstrasse","StrGlo","d1","W/m2",154.79,"bereinigt"
"1992-09-30T00:00+0100","Zch_Stampfenbachstrasse","T","d1","°C",14.72,"bereinigt"
"1992-09-30T00:00+0100","Zch_Stampfenbachstrasse","p","d1","hPa",968.11,"bereinigt"
"1992-09-30T00:00+0100","Zch_Stampfenbachstrasse","T_max_h1","d1","°C",18.74,"bereinigt"
"1992-10-01T00:00+0100","Zch_Stampfenbachstrasse","StrGlo","d1","W/m2",124.27,"bereinigt"
"1992-10-01T00:00+0100","Zch_Stampfenbachstrasse","T","d1","°C",15.75,"bereinigt"
"1992-10-01T00:00+0100","Zch_Stampfenbachstrasse","p","d1","hPa",966.77,"bereinigt"
"1992-10-01T00:00+0100","Zch_Stampfenbachstrasse","T_max_h1","d1","°C",19.1,"bereinigt"
"1992-10-02T00:00+0100","Zch_Stampfenbachstrasse","StrGlo","d1","W/m2",45.79,"bereinigt"
"1992-10-02T00:00+0100","Zch_Stampfenbachstrasse","T","d1","°C",13.84,"bereinigt"
"1992-10-02T00:00+0100","Zch_Stampfenbachstrasse","p","d1","hPa",962.05,"bereinigt"
"1992-10-02T00:00+0100","Zch_Stampfenbachstrasse","T_max_h1","d1","°C",15.01,"bereinigt"
"1992-10-03T00:00+0100","Zch_Stampfenbachstrasse","StrGlo","d1","W/m2",107.76,"bereinigt"
"1992-10-03T00:00+0100","Zch_Stampfenbachstrasse","T","d1","°C",14.01,"bereinigt"
"1992-10-03T00:00+0100","Zch_Stampfenbachstrasse","p","d1","hPa",949.75,"bereinigt"
"1992-10-03T00:00+0100","Zch_Stampfenbachstrasse","T_max_h1","d1","°C",16.56,"bereinigt"
"1992-10-04T00:00+0100","Zch_Stampfenbachstrasse","StrGlo","d1","W/m2",19.29,"bereinigt"
"1992-10-04T00:00+0100","Zch_Stampfenbachstrasse","T","d1","°C",12.7,"bereinigt"
"1992-10-04T00:00+0100","Zch_Stampfenbachstrasse","p","d1","hPa",943.96,"bereinigt"
"1992-10-04T00:00+0100","Zch_Stampfenbachstrasse","T_max_h1","d1","°C",13.88,"bereinigt"
"1992-10-05T00:00+0100","Zch_Stampfenbachstrasse","StrGlo","d1","W/m2",36.87,"bereinigt"
"1992-10-05T00:00+0100","Zch_Stampfenbachstrasse","T","d1","°C",11.86,"bereinigt"
"1992-10-05T00:00+0100","Zch_Stampfenbachstrasse","p","d1","hPa",947.22,"bereinigt"
"1992-10-05T00:00+0100","Zch_Stampfenbachstrasse","T_max_h1","d1","°C",13.35,"bereinigt"
"1992-10-06T00:00+0100","Zch_Stampfenbachstrasse","StrGlo","d1","W/m2",68.29,"bereinigt"
"1992-10-06T00:00+0100","Zch_Stampfenbachstrasse","T","d1","°C",13.14,"bereinigt"
"1992-10-06T00:00+0100","Zch_Stampfenbachstrasse","p","d1","hPa",951.61,"bereinigt"
"1992-10-06T00:00+0100","Zch_Stampfenbachstrasse","T_max_h1","d1","°C",15.59,"bereinigt"
"1992-10-07T00:00+0100","Zch_Stampfenbachstrasse","StrGlo","d1","W/m2",43.36,"bereinigt"
"1992-10-07T00:00+0100","Zch_Stampfenbachstrasse","T","d1","°C",11.57,"bereinigt"
"1992-10-07T00:00+0100","Zch_Stampfenbachstrasse","p","d1","hPa",961.94,"bereinigt"
"1992-10-07T00:00+0100","Zch_Stampfenbachstrasse","T_max_h1","d1","°C",13.56,"bereinigt"
"1992-10-08T00:00+0100","Zch_Stampfenbachstrasse","StrGlo","d1","W/m2",71.44,"bereinigt"
"1992-10-08T00:00+0100","Zch_Stampfenbachstrasse","T","d1","°C",12.78,"bereinigt"
"1992-10-08T00:00+0100","Zch_Stampfenbachstrasse","p","d1","hPa",969.67,"bereinigt"
"1992-10-08T00:00+0100","Zch_Stampfenbachstrasse","T_max_h1","d1","°C",14.66,"bereinigt"
"1992-10-09T00:00+0100","Zch_Stampfenbachstrasse","StrGlo","d1","W/m2",60.96,"bereinigt"
"1992-10-09T00:00+0100","Zch_Stampfenbachstrasse","T","d1","°C",10.93,"bereinigt"
"1992-10-09T00:00+0100","Zch_Stampfenbachstrasse","p","d1","hPa",963.07,"bereinigt"
"1992-10-09T00:00+0100","Zch_Stampfenbachstrasse","T_max_h1","d1","°C",13.4,"bereinigt"
"1992-10-10T00:00+0100","Zch_Stampfenbachstrasse","StrGlo","d1","W/m2",21.18,"bereinigt"
"1992-10-10T00:00+0100","Zch_Stampfenbachstrasse","T","d1","°C",10.05,"bereinigt"
"1992-10-10T00:00+0100","Zch_Stampfenbachstrasse","p","d1","hPa",958.78,"bereinigt"
"1992-10-10T00:00+0100","Zch_Stampfenbachstrasse","T_max_h1","d1","°C",11.79,"bereinigt"
"1992-10-11T00:00+0100","Zch_Stampfenbachstrasse","StrGlo","d1","W/m2",36.71,"bereinigt"
"1992-10-11T00:00+0100","Zch_Stampfenbachstrasse","T","d1","°C",9.65,"bereinigt"
"1992-10-11T00:00+0100","Zch_Stampfenbachstrasse","p","d1","hPa",958.85,"bereinigt"
"1992-10-11T00:00+0100","Zch_Stampfenbachstrasse","T_max_h1","d1","°C",10.39,"bereinigt"
"1992-10-12T00:00+0100","Zch_Stampfenbachstrasse","StrGlo","d1","W/m2",56.13,"bereinigt"
"1992-10-12T00:00+0100","Zch_Stampfenbachstrasse","T","d1","°C",10.41,"bereinigt"
"1992-10-12T00:00+0100","Zch_Stampfenbachstrasse","p","d1","hPa",961.11,"bereinigt"
"1992-10-12T00:00+0100","Zch_Stampfenbachstrasse","T_max_h1","d1","°C",12.81,"bereinigt"
"1992-10-13T00:00+0100","Zch_Stampfenbachstrasse","StrGlo","d1","W/m2",40.42,"bereinigt"
"1992-10-13T00:00+0100","Zch_Stampfenbachstrasse","T","d1","°C",7.03,"bereinigt"
"1992-10-13T00:00+0100","Zch_Stampfenbachstrasse","p","d1","hPa",967.64,"bereinigt"
"1992-10-13T00:00+0100","Zch_Stampfenbachstrasse","T_max_h1","d1","°C",8.03,"bereinigt"
"1992-10-14T00:00+0100","Zch_Stampfenbachstrasse","StrGlo","d1","W/m2",108.05,"bereinigt"
"1992-10-14T00:00+0100","Zch_Stampfenbachstrasse","T","d1","°C",10.79,"bereinigt"
"1992-10-14T00:00+0100","Zch_Stampfenbachstrasse","p","d1","hPa",964.33,"bereinigt"
"1992-10-14T00:00+0100","Zch_Stampfenbachstrasse","T_max_h1","d1","°C",15.02,"bereinigt"
"1992-10-15T00:00+0100","Zch_Stampfenbachstrasse","StrGlo","d1","W/m2",40.38,"bereinigt"
"1992-10-15T00:00+0100","Zch_Stampfenbachstrasse","T","d1","°C",10.05,"bereinigt"
"1992-10-15T00:00+0100","Zch_Stampfenbachstrasse","p","d1","hPa",953.14,"bereinigt"
"1992-10-15T00:00+0100","Zch_Stampfenbachstrasse","T_max_h1","d1","°C",11.25,"bereinigt"
"1992-10-16T00:00+0100","Zch_Stampfenbachstrasse","StrGlo","d1","W/m2",31.69,"bereinigt"
"1992-10-16T00:00+0100","Zch_Stampfenbachstrasse","T","d1","°C",6.22,"bereinigt"
"1992-10-16T00:00+0100","Zch_Stampfenbachstrasse","p","d1","hPa",949.99,"bereinigt"
"1992-10-16T00:00+0100","Zch_Stampfenbachstrasse","T_max_h1","d1","°C",9.76,"bereinigt"
"1992-10-17T00:00+0100","Zch_Stampfenbachstrasse","StrGlo","d1","W/m2",18.87,"bereinigt"
"1992-10-17T00:00+0100","Zch_Stampfenbachstrasse","T","d1","°C",3.96,"bereinigt"
"1992-10-17T00:00+0100","Zch_Stampfenbachstrasse","p","d1","hPa",948.99,"bereinigt"
"1992-10-17T00:00+0100","Zch_Stampfenbachstrasse","T_max_h1","d1","°C",6.01,"bereinigt"
"1992-10-18T00:00+0100","Zch_Stampfenbachstrasse","StrGlo","d1","W/m2",79.34,"bereinigt"
"1992-10-18T00:00+0100","Zch_Stampfenbachstrasse","T","d1","°C",4.55,"bereinigt"
"1992-10-18T00:00+0100","Zch_Stampfenbachstrasse","p","d1","hPa",959.14,"bereinigt"
"1992-10-18T00:00+0100","Zch_Stampfenbachstrasse","T_max_h1","d1","°C",7.17,"bereinigt"
"1992-10-19T00:00+0100","Zch_Stampfenbachstrasse","StrGlo","d1","W/m2",87.14,"bereinigt"
"1992-10-19T00:00+0100","Zch_Stampfenbachstrasse","T","d1","°C",4.61,"bereinigt"
"1992-10-19T00:00+0100","Zch_Stampfenbachstrasse","p","d1","hPa",961.89,"bereinigt"
"1992-10-19T00:00+0100","Zch_Stampfenbachstrasse","T_max_h1","d1","°C",7.8,"bereinigt"
"1992-10-20T00:00+0100","Zch_Stampfenbachstrasse","StrGlo","d1","W/m2",36.8,"bereinigt"
"1992-10-20T00:00+0100","Zch_Stampfenbachstrasse","T","d1","°C",7.23,"bereinigt"
"1992-10-20T00:00+0100","Zch_Stampfenbachstrasse","p","d1","hPa",960.58,"bereinigt"
"1992-10-20T00:00+0100","Zch_Stampfenbachstrasse","T_max_h1","d1","°C",8.98,"bereinigt"
"1992-10-21T00:00+0100","Zch_Stampfenbachstrasse","StrGlo","d1","W/m2",22.51,"bereinigt"
"1992-10-21T00:00+0100","Zch_Stampfenbachstrasse","T","d1","°C",7.02,"bereinigt"
"1992-10-21T00:00+0100","Zch_Stampfenbachstrasse","p","d1","hPa",958.34,"bereinigt"
"1992-10-21T00:00+0100","Zch_Stampfenbachstrasse","T_max_h1","d1","°C",8.51,"bereinigt"
"1992-10-22T00:00+0100","Zch_Stampfenbachstrasse","StrGlo","d1","W/m2",104.47,"bereinigt"
"1992-10-22T00:00+0100","Zch_Stampfenbachstrasse","T","d1","°C",6.7,"bereinigt"
"1992-10-22T00:00+0100","Zch_Stampfenbachstrasse","p","d1","hPa",958.22,"bereinigt"
"1992-10-22T00:00+0100","Zch_Stampfenbachstrasse","T_max_h1","d1","°C",9.53,"bereinigt"
"1992-10-23T00:00+0100","Zch_Stampfenbachstrasse","StrGlo","d1","W/m2",35.63,"bereinigt"
"1992-10-23T00:00+0100","Zch_Stampfenbachstrasse","T","d1","°C",7.27,"bereinigt"
"1992-10-23T00:00+0100","Zch_Stampfenbachstrasse","p","d1","hPa",954.57,"bereinigt"
"1992-10-23T00:00+0100","Zch_Stampfenbachstrasse","T_max_h1","d1","°C",8.82,"bereinigt"
"1992-10-24T00:00+0100","Zch_Stampfenbachstrasse","StrGlo","d1","W/m2",44.69,"bereinigt"
"1992-10-24T00:00+0100","Zch_Stampfenbachstrasse","T","d1","°C",6.21,"bereinigt"
"1992-10-24T00:00+0100","Zch_Stampfenbachstrasse","p","d1","hPa",958.98,"bereinigt"
"1992-10-24T00:00+0100","Zch_Stampfenbachstrasse","T_max_h1","d1","°C",7.6,"bereinigt"
"1992-10-25T00:00+0100","Zch_Stampfenbachstrasse","StrGlo","d1","W/m2",41.5,"bereinigt"
"1992-10-25T00:00+0100","Zch_Stampfenbachstrasse","T","d1","°C",9.47,"bereinigt"
"1992-10-25T00:00+0100","Zch_Stampfenbachstrasse","p","d1","hPa",955.08,"bereinigt"
"1992-10-25T00:00+0100","Zch_Stampfenbachstrasse","T_max_h1","d1","°C",14.58,"bereinigt"
"1992-10-26T00:00+0100","Zch_Stampfenbachstrasse","StrGlo","d1","W/m2",29.48,"bereinigt"
"1992-10-26T00:00+0100","Zch_Stampfenbachstrasse","T","d1","°C",6.94,"bereinigt"
"1992-10-26T00:00+0100","Zch_Stampfenbachstrasse","p","d1","hPa",958.2,"bereinigt"
"1992-10-26T00:00+0100","Zch_Stampfenbachstrasse","T_max_h1","d1","°C",8.77,"bereinigt"
"1992-10-27T00:00+0100","Zch_Stampfenbachstrasse","StrGlo","d1","W/m2",31.98,"bereinigt"
"1992-10-27T00:00+0100","Zch_Stampfenbachstrasse","T","d1","°C",6.98,"bereinigt"
"1992-10-27T00:00+0100","Zch_Stampfenbachstrasse","p","d1","hPa",954.28,"bereinigt"
"1992-10-27T00:00+0100","Zch_Stampfenbachstrasse","T_max_h1","d1","°C",10.97,"bereinigt"
"1992-10-28T00:00+0100","Zch_Stampfenbachstrasse","StrGlo","d1","W/m2",19.19,"bereinigt"
"1992-10-28T00:00+0100","Zch_Stampfenbachstrasse","T","d1","°C",9.93,"bereinigt"
"1992-10-28T00:00+0100","Zch_Stampfenbachstrasse","p","d1","hPa",949.24,"bereinigt"
"1992-10-28T00:00+0100","Zch_Stampfenbachstrasse","T_max_h1","d1","°C",12.36,"bereinigt"
"1992-10-29T00:00+0100","Zch_Stampfenbachstrasse","StrGlo","d1","W/m2",112.09,"bereinigt"
"1992-10-29T00:00+0100","Zch_Stampfenbachstrasse","T","d1","°C",8.14,"bereinigt"
"1992-10-29T00:00+0100","Zch_Stampfenbachstrasse","p","d1","hPa",953,"bereinigt"
"1992-10-29T00:00+0100","Zch_Stampfenbachstrasse","T_max_h1","d1","°C",11.38,"bereinigt"
"1992-10-30T00:00+0100","Zch_Stampfenbachstrasse","StrGlo","d1","W/m2",40.46,"bereinigt"
"1992-10-30T00:00+0100","Zch_Stampfenbachstrasse","T","d1","°C",6.81,"bereinigt"
"1992-10-30T00:00+0100","Zch_Stampfenbachstrasse","p","d1","hPa",955.36,"bereinigt"
"1992-10-30T00:00+0100","Zch_Stampfenbachstrasse","T_max_h1","d1","°C",8.8,"bereinigt"
"1992-10-31T00:00+0100","Zch_Stampfenbachstrasse","StrGlo","d1","W/m2",32.91,"bereinigt"
"1992-10-31T00:00+0100","Zch_Stampfenbachstrasse","T","d1","°C",6.07,"bereinigt"
"1992-10-31T00:00+0100","Zch_Stampfenbachstrasse","p","d1","hPa",963.4,"bereinigt"
"1992-10-31T00:00+0100","Zch_Stampfenbachstrasse","T_max_h1","d1","°C",7.18,"bereinigt"
"1992-11-01T00:00+0100","Zch_Stampfenbachstrasse","StrGlo","d1","W/m2",21.39,"bereinigt"
"1992-11-01T00:00+0100","Zch_Stampfenbachstrasse","T","d1","°C",6.31,"bereinigt"
"1992-11-01T00:00+0100","Zch_Stampfenbachstrasse","p","d1","hPa",966.43,"bereinigt"
"1992-11-01T00:00+0100","Zch_Stampfenbachstrasse","T_max_h1","d1","°C",7.02,"bereinigt"
"1992-11-02T00:00+0100","Zch_Stampfenbachstrasse","StrGlo","d1","W/m2",33.14,"bereinigt"
"1992-11-02T00:00+0100","Zch_Stampfenbachstrasse","T","d1","°C",6.65,"bereinigt"
"1992-11-02T00:00+0100","Zch_Stampfenbachstrasse","p","d1","hPa",965.81,"bereinigt"
"1992-11-02T00:00+0100","Zch_Stampfenbachstrasse","T_max_h1","d1","°C",7.59,"bereinigt"
"1992-11-03T00:00+0100","Zch_Stampfenbachstrasse","StrGlo","d1","W/m2",13.92,"bereinigt"
"1992-11-03T00:00+0100","Zch_Stampfenbachstrasse","T","d1","°C",8.02,"bereinigt"
"1992-11-03T00:00+0100","Zch_Stampfenbachstrasse","p","d1","hPa",964.72,"bereinigt"
"1992-11-03T00:00+0100","Zch_Stampfenbachstrasse","T_max_h1","d1","°C",8.97,"bereinigt"
"1992-11-04T00:00+0100","Zch_Stampfenbachstrasse","StrGlo","d1","W/m2",18.86,"bereinigt"
"1992-11-04T00:00+0100","Zch_Stampfenbachstrasse","T","d1","°C",9.58,"bereinigt"
"1992-11-04T00:00+0100","Zch_Stampfenbachstrasse","p","d1","hPa",967.8,"bereinigt"
"1992-11-04T00:00+0100","Zch_Stampfenbachstrasse","T_max_h1","d1","°C",11.57,"bereinigt"
"1992-11-05T00:00+0100","Zch_Stampfenbachstrasse","StrGlo","d1","W/m2",71.39,"bereinigt"
"1992-11-05T00:00+0100","Zch_Stampfenbachstrasse","T","d1","°C",10.87,"bereinigt"
"1992-11-05T00:00+0100","Zch_Stampfenbachstrasse","p","d1","hPa",978.15,"bereinigt"
"1992-11-05T00:00+0100","Zch_Stampfenbachstrasse","T_max_h1","d1","°C",13.37,"bereinigt"
"1992-11-06T00:00+0100","Zch_Stampfenbachstrasse","StrGlo","d1","W/m2",27.46,"bereinigt"
"1992-11-06T00:00+0100","Zch_Stampfenbachstrasse","T","d1","°C",8.63,"bereinigt"
"1992-11-06T00:00+0100","Zch_Stampfenbachstrasse","p","d1","hPa",980.73,"bereinigt"
"1992-11-06T00:00+0100","Zch_Stampfenbachstrasse","T_max_h1","d1","°C",9.82,"bereinigt"
"1992-11-07T00:00+0100","Zch_Stampfenbachstrasse","StrGlo","d1","W/m2",88.55,"bereinigt"
"1992-11-07T00:00+0100","Zch_Stampfenbachstrasse","T","d1","°C",8.42,"bereinigt"
"1992-11-07T00:00+0100","Zch_Stampfenbachstrasse","p","d1","hPa",974.68,"bereinigt"
"1992-11-07T00:00+0100","Zch_Stampfenbachstrasse","T_max_h1","d1","°C",12.69,"bereinigt"
"1992-11-08T00:00+0100","Zch_Stampfenbachstrasse","StrGlo","d1","W/m2",39.87,"bereinigt"
"1992-11-08T00:00+0100","Zch_Stampfenbachstrasse","T","d1","°C",6.72,"bereinigt"
"1992-11-08T00:00+0100","Zch_Stampfenbachstrasse","p","d1","hPa",972.48,"bereinigt"
"1992-11-08T00:00+0100","Zch_Stampfenbachstrasse","T_max_h1","d1","°C",8.82,"bereinigt"
"1992-11-09T00:00+0100","Zch_Stampfenbachstrasse","StrGlo","d1","W/m2",46.24,"bereinigt"
"1992-11-09T00:00+0100","Zch_Stampfenbachstrasse","T","d1","°C",7.75,"bereinigt"
"1992-11-09T00:00+0100","Zch_Stampfenbachstrasse","p","d1","hPa",969.56,"bereinigt"
"1992-11-09T00:00+0100","Zch_Stampfenbachstrasse","T_max_h1","d1","°C",9.23,"bereinigt"
"1992-11-10T00:00+0100","Zch_Stampfenbachstrasse","StrGlo","d1","W/m2",13.53,"bereinigt"
"1992-11-10T00:00+0100","Zch_Stampfenbachstrasse","T","d1","°C",8.84,"bereinigt"
"1992-11-10T00:00+0100","Zch_Stampfenbachstrasse","p","d1","hPa",964.38,"bereinigt"
"1992-11-10T00:00+0100","Zch_Stampfenbachstrasse","T_max_h1","d1","°C",12.01,"bereinigt"
"1992-11-11T00:00+0100","Zch_Stampfenbachstrasse","StrGlo","d1","W/m2",15.48,"bereinigt"
"1992-11-11T00:00+0100","Zch_Stampfenbachstrasse","T","d1","°C",9.5,"bereinigt"
"1992-11-11T00:00+0100","Zch_Stampfenbachstrasse","p","d1","hPa",957.12,"bereinigt"
"1992-11-11T00:00+0100","Zch_Stampfenbachstrasse","T_max_h1","d1","°C",11.73,"bereinigt"
"1992-11-12T00:00+0100","Zch_Stampfenbachstrasse","StrGlo","d1","W/m2",42.92,"bereinigt"
"1992-11-12T00:00+0100","Zch_Stampfenbachstrasse","T","d1","°C",5.76,"bereinigt"
"1992-11-12T00:00+0100","Zch_Stampfenbachstrasse","p","d1","hPa",960.85,"bereinigt"
"1992-11-12T00:00+0100","Zch_Stampfenbachstrasse","T_max_h1","d1","°C",7.71,"bereinigt"
"1992-11-13T00:00+0100","Zch_Stampfenbachstrasse","StrGlo","d1","W/m2",15.46,"bereinigt"
"1992-11-13T00:00+0100","Zch_Stampfenbachstrasse","T","d1","°C",3.89,"bereinigt"
"1992-11-13T00:00+0100","Zch_Stampfenbachstrasse","p","d1","hPa",958.93,"bereinigt"
"1992-11-13T00:00+0100","Zch_Stampfenbachstrasse","T_max_h1","d1","°C",4.76,"bereinigt"
"1992-11-14T00:00+0100","Zch_Stampfenbachstrasse","StrGlo","d1","W/m2",47.6,"bereinigt"
"1992-11-14T00:00+0100","Zch_Stampfenbachstrasse","T","d1","°C",3.35,"bereinigt"
"1992-11-14T00:00+0100","Zch_Stampfenbachstrasse","p","d1","hPa",962.76,"bereinigt"
"1992-11-14T00:00+0100","Zch_Stampfenbachstrasse","T_max_h1","d1","°C",4.48,"bereinigt"
"1992-11-15T00:00+0100","Zch_Stampfenbachstrasse","StrGlo","d1","W/m2",21.14,"bereinigt"
"1992-11-15T00:00+0100","Zch_Stampfenbachstrasse","T","d1","°C",6.82,"bereinigt"
"1992-11-15T00:00+0100","Zch_Stampfenbachstrasse","p","d1","hPa",954.57,"bereinigt"
"1992-11-15T00:00+0100","Zch_Stampfenbachstrasse","T_max_h1","d1","°C",9.87,"bereinigt"
"1992-11-16T00:00+0100","Zch_Stampfenbachstrasse","StrGlo","d1","W/m2",28.55,"bereinigt"
"1992-11-16T00:00+0100","Zch_Stampfenbachstrasse","T","d1","°C",6.89,"bereinigt"
"1992-11-16T00:00+0100","Zch_Stampfenbachstrasse","p","d1","hPa",950.6,"bereinigt"
"1992-11-16T00:00+0100","Zch_Stampfenbachstrasse","T_max_h1","d1","°C",8.43,"bereinigt"
"1992-11-17T00:00+0100","Zch_Stampfenbachstrasse","StrGlo","d1","W/m2",36.54,"bereinigt"
"1992-11-17T00:00+0100","Zch_Stampfenbachstrasse","T","d1","°C",4.53,"bereinigt"
"1992-11-17T00:00+0100","Zch_Stampfenbachstrasse","p","d1","hPa",948.31,"bereinigt"
"1992-11-17T00:00+0100","Zch_Stampfenbachstrasse","T_max_h1","d1","°C",7.38,"bereinigt"
"1992-11-18T00:00+0100","Zch_Stampfenbachstrasse","StrGlo","d1","W/m2",66.55,"bereinigt"
"1992-11-18T00:00+0100","Zch_Stampfenbachstrasse","T","d1","°C",4.01,"bereinigt"
"1992-11-18T00:00+0100","Zch_Stampfenbachstrasse","p","d1","hPa",961.57,"bereinigt"
"1992-11-18T00:00+0100","Zch_Stampfenbachstrasse","T_max_h1","d1","°C",5.74,"bereinigt"
"1992-11-19T00:00+0100","Zch_Stampfenbachstrasse","StrGlo","d1","W/m2",29.01,"bereinigt"
"1992-11-19T00:00+0100","Zch_Stampfenbachstrasse","T","d1","°C",6.24,"bereinigt"
"1992-11-19T00:00+0100","Zch_Stampfenbachstrasse","p","d1","hPa",962.92,"bereinigt"
"1992-11-19T00:00+0100","Zch_Stampfenbachstrasse","T_max_h1","d1","°C",9.52,"bereinigt"
"1992-11-20T00:00+0100","Zch_Stampfenbachstrasse","StrGlo","d1","W/m2",40.27,"bereinigt"
"1992-11-20T00:00+0100","Zch_Stampfenbachstrasse","T","d1","°C",6.22,"bereinigt"
"1992-11-20T00:00+0100","Zch_Stampfenbachstrasse","p","d1","hPa",968.26,"bereinigt"
"1992-11-20T00:00+0100","Zch_Stampfenbachstrasse","T_max_h1","d1","°C",7.37,"bereinigt"
"1992-11-21T00:00+0100","Zch_Stampfenbachstrasse","StrGlo","d1","W/m2",13.49,"bereinigt"
"1992-11-21T00:00+0100","Zch_Stampfenbachstrasse","T","d1","°C",8.25,"bereinigt"
"1992-11-21T00:00+0100","Zch_Stampfenbachstrasse","p","d1","hPa",965.05,"bereinigt"
"1992-11-21T00:00+0100","Zch_Stampfenbachstrasse","T_max_h1","d1","°C",11.27,"bereinigt"
"1992-11-22T00:00+0100","Zch_Stampfenbachstrasse","StrGlo","d1","W/m2",11.67,"bereinigt"
"1992-11-22T00:00+0100","Zch_Stampfenbachstrasse","T","d1","°C",11.09,"bereinigt"
"1992-11-22T00:00+0100","Zch_Stampfenbachstrasse","p","d1","hPa",968.17,"bereinigt"
"1992-11-22T00:00+0100","Zch_Stampfenbachstrasse","T_max_h1","d1","°C",11.95,"bereinigt"
"1992-11-23T00:00+0100","Zch_Stampfenbachstrasse","StrGlo","d1","W/m2",53.55,"bereinigt"
"1992-11-23T00:00+0100","Zch_Stampfenbachstrasse","T","d1","°C",8.46,"bereinigt"
"1992-11-23T00:00+0100","Zch_Stampfenbachstrasse","p","d1","hPa",971.74,"bereinigt"
"1992-11-23T00:00+0100","Zch_Stampfenbachstrasse","T_max_h1","d1","°C",11.01,"bereinigt"
"1992-11-24T00:00+0100","Zch_Stampfenbachstrasse","StrGlo","d1","W/m2",70.89,"bereinigt"
"1992-11-24T00:00+0100","Zch_Stampfenbachstrasse","T","d1","°C",5.36,"bereinigt"
"1992-11-24T00:00+0100","Zch_Stampfenbachstrasse","p","d1","hPa",971.39,"bereinigt"
"1992-11-24T00:00+0100","Zch_Stampfenbachstrasse","T_max_h1","d1","°C",8.94,"bereinigt"
"1992-11-25T00:00+0100","Zch_Stampfenbachstrasse","StrGlo","d1","W/m2",22.96,"bereinigt"
"1992-11-25T00:00+0100","Zch_Stampfenbachstrasse","T","d1","°C",7.26,"bereinigt"
"1992-11-25T00:00+0100","Zch_Stampfenbachstrasse","p","d1","hPa",968.83,"bereinigt"
"1992-11-25T00:00+0100","Zch_Stampfenbachstrasse","T_max_h1","d1","°C",11.16,"bereinigt"
"1992-11-26T00:00+0100","Zch_Stampfenbachstrasse","StrGlo","d1","W/m2",11.41,"bereinigt"
"1992-11-26T00:00+0100","Zch_Stampfenbachstrasse","T","d1","°C",11.44,"bereinigt"
"1992-11-26T00:00+0100","Zch_Stampfenbachstrasse","p","d1","hPa",968.26,"bereinigt"
"1992-11-26T00:00+0100","Zch_Stampfenbachstrasse","T_max_h1","d1","°C",15.7,"bereinigt"
"1992-11-27T00:00+0100","Zch_Stampfenbachstrasse","StrGlo","d1","W/m2",78.84,"bereinigt"
"1992-11-27T00:00+0100","Zch_Stampfenbachstrasse","T","d1","°C",7.31,"bereinigt"
"1992-11-27T00:00+0100","Zch_Stampfenbachstrasse","p","d1","hPa",974.89,"bereinigt"
"1992-11-27T00:00+0100","Zch_Stampfenbachstrasse","T_max_h1","d1","°C",9.12,"bereinigt"
"1992-11-28T00:00+0100","Zch_Stampfenbachstrasse","StrGlo","d1","W/m2",24.43,"bereinigt"
"1992-11-28T00:00+0100","Zch_Stampfenbachstrasse","T","d1","°C",10.54,"bereinigt"
"1992-11-28T00:00+0100","Zch_Stampfenbachstrasse","p","d1","hPa",970.81,"bereinigt"
"1992-11-28T00:00+0100","Zch_Stampfenbachstrasse","T_max_h1","d1","°C",12.17,"bereinigt"
"1992-11-29T00:00+0100","Zch_Stampfenbachstrasse","StrGlo","d1","W/m2",23.27,"bereinigt"
"1992-11-29T00:00+0100","Zch_Stampfenbachstrasse","T","d1","°C",9.61,"bereinigt"
"1992-11-29T00:00+0100","Zch_Stampfenbachstrasse","p","d1","hPa",968.94,"bereinigt"
"1992-11-29T00:00+0100","Zch_Stampfenbachstrasse","T_max_h1","d1","°C",10.39,"bereinigt"
"1992-11-30T00:00+0100","Zch_Stampfenbachstrasse","StrGlo","d1","W/m2",32.65,"bereinigt"
"1992-11-30T00:00+0100","Zch_Stampfenbachstrasse","T","d1","°C",6.36,"bereinigt"
"1992-11-30T00:00+0100","Zch_Stampfenbachstrasse","p","d1","hPa",967.85,"bereinigt"
"1992-11-30T00:00+0100","Zch_Stampfenbachstrasse","T_max_h1","d1","°C",8.39,"bereinigt"
"1992-12-01T00:00+0100","Zch_Stampfenbachstrasse","StrGlo","d1","W/m2",42.18,"bereinigt"
"1992-12-01T00:00+0100","Zch_Stampfenbachstrasse","T","d1","°C",7.12,"bereinigt"
"1992-12-01T00:00+0100","Zch_Stampfenbachstrasse","p","d1","hPa",968.71,"bereinigt"
"1992-12-01T00:00+0100","Zch_Stampfenbachstrasse","T_max_h1","d1","°C",9.24,"bereinigt"
"1992-12-02T00:00+0100","Zch_Stampfenbachstrasse","StrGlo","d1","W/m2",39.71,"bereinigt"
"1992-12-02T00:00+0100","Zch_Stampfenbachstrasse","T","d1","°C",7.99,"bereinigt"
"1992-12-02T00:00+0100","Zch_Stampfenbachstrasse","p","d1","hPa",957.92,"bereinigt"
"1992-12-02T00:00+0100","Zch_Stampfenbachstrasse","T_max_h1","d1","°C",11.38,"bereinigt"
"1992-12-03T00:00+0100","Zch_Stampfenbachstrasse","StrGlo","d1","W/m2",16.54,"bereinigt"
"1992-12-03T00:00+0100","Zch_Stampfenbachstrasse","T","d1","°C",8.75,"bereinigt"
"1992-12-03T00:00+0100","Zch_Stampfenbachstrasse","p","d1","hPa",949.84,"bereinigt"
"1992-12-03T00:00+0100","Zch_Stampfenbachstrasse","T_max_h1","d1","°C",11.24,"bereinigt"
"1992-12-04T00:00+0100","Zch_Stampfenbachstrasse","StrGlo","d1","W/m2",9.9,"bereinigt"
"1992-12-04T00:00+0100","Zch_Stampfenbachstrasse","T","d1","°C",5.51,"bereinigt"
"1992-12-04T00:00+0100","Zch_Stampfenbachstrasse","p","d1","hPa",943.93,"bereinigt"
"1992-12-04T00:00+0100","Zch_Stampfenbachstrasse","T_max_h1","d1","°C",7.65,"bereinigt"
"1992-12-05T00:00+0100","Zch_Stampfenbachstrasse","StrGlo","d1","W/m2",17.05,"bereinigt"
"1992-12-05T00:00+0100","Zch_Stampfenbachstrasse","T","d1","°C",3.59,"bereinigt"
"1992-12-05T00:00+0100","Zch_Stampfenbachstrasse","p","d1","hPa",947.47,"bereinigt"
"1992-12-05T00:00+0100","Zch_Stampfenbachstrasse","T_max_h1","d1","°C",6.42,"bereinigt"
"1992-12-06T00:00+0100","Zch_Stampfenbachstrasse","StrGlo","d1","W/m2",35.31,"bereinigt"
"1992-12-06T00:00+0100","Zch_Stampfenbachstrasse","T","d1","°C",3.33,"bereinigt"
"1992-12-06T00:00+0100","Zch_Stampfenbachstrasse","p","d1","hPa",959.16,"bereinigt"
"1992-12-06T00:00+0100","Zch_Stampfenbachstrasse","T_max_h1","d1","°C",4.95,"bereinigt"
"1992-12-07T00:00+0100","Zch_Stampfenbachstrasse","StrGlo","d1","W/m2",16.55,"bereinigt"
"1992-12-07T00:00+0100","Zch_Stampfenbachstrasse","T","d1","°C",3.21,"bereinigt"
"1992-12-07T00:00+0100","Zch_Stampfenbachstrasse","p","d1","hPa",949.09,"bereinigt"
"1992-12-07T00:00+0100","Zch_Stampfenbachstrasse","T_max_h1","d1","°C",5.09,"bereinigt"
"1992-12-08T00:00+0100","Zch_Stampfenbachstrasse","StrGlo","d1","W/m2",15.81,"bereinigt"
"1992-12-08T00:00+0100","Zch_Stampfenbachstrasse","T","d1","°C",3.5,"bereinigt"
"1992-12-08T00:00+0100","Zch_Stampfenbachstrasse","p","d1","hPa",953.51,"bereinigt"
"1992-12-08T00:00+0100","Zch_Stampfenbachstrasse","T_max_h1","d1","°C",4.5,"bereinigt"
"1992-12-09T00:00+0100","Zch_Stampfenbachstrasse","StrGlo","d1","W/m2",12.38,"bereinigt"
"1992-12-09T00:00+0100","Zch_Stampfenbachstrasse","T","d1","°C",2.2,"bereinigt"
"1992-12-09T00:00+0100","Zch_Stampfenbachstrasse","p","d1","hPa",961.35,"bereinigt"
"1992-12-09T00:00+0100","Zch_Stampfenbachstrasse","T_max_h1","d1","°C",2.83,"bereinigt"
"1992-12-10T00:00+0100","Zch_Stampfenbachstrasse","StrGlo","d1","W/m2",11.3,"bereinigt"
"1992-12-10T00:00+0100","Zch_Stampfenbachstrasse","T","d1","°C",2.46,"bereinigt"
"1992-12-10T00:00+0100","Zch_Stampfenbachstrasse","p","d1","hPa",968.17,"bereinigt"
"1992-12-10T00:00+0100","Zch_Stampfenbachstrasse","T_max_h1","d1","°C",2.96,"bereinigt"
"1992-12-11T00:00+0100","Zch_Stampfenbachstrasse","StrGlo","d1","W/m2",13.94,"bereinigt"
"1992-12-11T00:00+0100","Zch_Stampfenbachstrasse","T","d1","°C",1.77,"bereinigt"
"1992-12-11T00:00+0100","Zch_Stampfenbachstrasse","p","d1","hPa",970.98,"bereinigt"
"1992-12-11T00:00+0100","Zch_Stampfenbachstrasse","T_max_h1","d1","°C",2.49,"bereinigt"
"1992-12-12T00:00+0100","Zch_Stampfenbachstrasse","StrGlo","d1","W/m2",9.08,"bereinigt"
"1992-12-12T00:00+0100","Zch_Stampfenbachstrasse","T","d1","°C",3.13,"bereinigt"
"1992-12-12T00:00+0100","Zch_Stampfenbachstrasse","p","d1","hPa",966.05,"bereinigt"
"1992-12-12T00:00+0100","Zch_Stampfenbachstrasse","T_max_h1","d1","°C",4.43,"bereinigt"
"1992-12-13T00:00+0100","Zch_Stampfenbachstrasse","StrGlo","d1","W/m2",29.55,"bereinigt"
"1992-12-13T00:00+0100","Zch_Stampfenbachstrasse","T","d1","°C",2.98,"bereinigt"
"1992-12-13T00:00+0100","Zch_Stampfenbachstrasse","p","d1","hPa",970.39,"bereinigt"
"1992-12-13T00:00+0100","Zch_Stampfenbachstrasse","T_max_h1","d1","°C",3.8,"bereinigt"
"1992-12-14T00:00+0100","Zch_Stampfenbachstrasse","StrGlo","d1","W/m2",67.37,"bereinigt"
"1992-12-14T00:00+0100","Zch_Stampfenbachstrasse","T","d1","°C",2.07,"bereinigt"
"1992-12-14T00:00+0100","Zch_Stampfenbachstrasse","p","d1","hPa",969.15,"bereinigt"
"1992-12-14T00:00+0100","Zch_Stampfenbachstrasse","T_max_h1","d1","°C",5.32,"bereinigt"
"1992-12-15T00:00+0100","Zch_Stampfenbachstrasse","StrGlo","d1","W/m2",45.12,"bereinigt"
"1992-12-15T00:00+0100","Zch_Stampfenbachstrasse","T","d1","°C",0.27,"bereinigt"
"1992-12-15T00:00+0100","Zch_Stampfenbachstrasse","p","d1","hPa",965.67,"bereinigt"
"1992-12-15T00:00+0100","Zch_Stampfenbachstrasse","T_max_h1","d1","°C",3.22,"bereinigt"
"1992-12-16T00:00+0100","Zch_Stampfenbachstrasse","StrGlo","d1","W/m2",27.94,"bereinigt"
"1992-12-16T00:00+0100","Zch_Stampfenbachstrasse","T","d1","°C",-0.29,"bereinigt"
"1992-12-16T00:00+0100","Zch_Stampfenbachstrasse","p","d1","hPa",964.23,"bereinigt"
"1992-12-16T00:00+0100","Zch_Stampfenbachstrasse","T_max_h1","d1","°C",1.32,"bereinigt"
"1992-12-17T00:00+0100","Zch_Stampfenbachstrasse","StrGlo","d1","W/m2",26.05,"bereinigt"
"1992-12-17T00:00+0100","Zch_Stampfenbachstrasse","T","d1","°C",0.23,"bereinigt"
"1992-12-17T00:00+0100","Zch_Stampfenbachstrasse","p","d1","hPa",969.86,"bereinigt"
"1992-12-17T00:00+0100","Zch_Stampfenbachstrasse","T_max_h1","d1","°C",1.01,"bereinigt"
"1992-12-18T00:00+0100","Zch_Stampfenbachstrasse","StrGlo","d1","W/m2",20.64,"bereinigt"
"1992-12-18T00:00+0100","Zch_Stampfenbachstrasse","T","d1","°C",-0.14,"bereinigt"
"1992-12-18T00:00+0100","Zch_Stampfenbachstrasse","p","d1","hPa",968.68,"bereinigt"
"1992-12-18T00:00+0100","Zch_Stampfenbachstrasse","T_max_h1","d1","°C",0.93,"bereinigt"
"1992-12-19T00:00+0100","Zch_Stampfenbachstrasse","StrGlo","d1","W/m2",33.31,"bereinigt"
"1992-12-19T00:00+0100","Zch_Stampfenbachstrasse","T","d1","°C",0.06,"bereinigt"
"1992-12-19T00:00+0100","Zch_Stampfenbachstrasse","p","d1","hPa",970.29,"bereinigt"
"1992-12-19T00:00+0100","Zch_Stampfenbachstrasse","T_max_h1","d1","°C",1.71,"bereinigt"
"1992-12-20T00:00+0100","Zch_Stampfenbachstrasse","StrGlo","d1","W/m2",32.89,"bereinigt"
"1992-12-20T00:00+0100","Zch_Stampfenbachstrasse","T","d1","°C",1.95,"bereinigt"
"1992-12-20T00:00+0100","Zch_Stampfenbachstrasse","p","d1","hPa",970.26,"bereinigt"
"1992-12-20T00:00+0100","Zch_Stampfenbachstrasse","T_max_h1","d1","°C",4.24,"bereinigt"
"1992-12-21T00:00+0100","Zch_Stampfenbachstrasse","StrGlo","d1","W/m2",18.62,"bereinigt"
"1992-12-21T00:00+0100","Zch_Stampfenbachstrasse","T","d1","°C",4.79,"bereinigt"
"1992-12-21T00:00+0100","Zch_Stampfenbachstrasse","p","d1","hPa",968.97,"bereinigt"
"1992-12-21T00:00+0100","Zch_Stampfenbachstrasse","T_max_h1","d1","°C",6.26,"bereinigt"
"1992-12-22T00:00+0100","Zch_Stampfenbachstrasse","StrGlo","d1","W/m2",46.24,"bereinigt"
"1992-12-22T00:00+0100","Zch_Stampfenbachstrasse","T","d1","°C",4.77,"bereinigt"
"1992-12-22T00:00+0100","Zch_Stampfenbachstrasse","p","d1","hPa",971.72,"bereinigt"
"1992-12-22T00:00+0100","Zch_Stampfenbachstrasse","T_max_h1","d1","°C",8.03,"bereinigt"
"1992-12-23T00:00+0100","Zch_Stampfenbachstrasse","StrGlo","d1","W/m2",20.3,"bereinigt"
"1992-12-23T00:00+0100","Zch_Stampfenbachstrasse","T","d1","°C",1.39,"bereinigt"
"1992-12-23T00:00+0100","Zch_Stampfenbachstrasse","p","d1","hPa",973.43,"bereinigt"
"1992-12-23T00:00+0100","Zch_Stampfenbachstrasse","T_max_h1","d1","°C",1.95,"bereinigt"
"1992-12-24T00:00+0100","Zch_Stampfenbachstrasse","StrGlo","d1","W/m2",15.98,"bereinigt"
"1992-12-24T00:00+0100","Zch_Stampfenbachstrasse","T","d1","°C",1.81,"bereinigt"
"1992-12-24T00:00+0100","Zch_Stampfenbachstrasse","p","d1","hPa",975.84,"bereinigt"
"1992-12-24T00:00+0100","Zch_Stampfenbachstrasse","T_max_h1","d1","°C",2.14,"bereinigt"
"1992-12-25T00:00+0100","Zch_Stampfenbachstrasse","StrGlo","d1","W/m2",10.98,"bereinigt"
"1992-12-25T00:00+0100","Zch_Stampfenbachstrasse","T","d1","°C",0.28,"bereinigt"
"1992-12-25T00:00+0100","Zch_Stampfenbachstrasse","p","d1","hPa",975.76,"bereinigt"
"1992-12-25T00:00+0100","Zch_Stampfenbachstrasse","T_max_h1","d1","°C",0.68,"bereinigt"
"1992-12-26T00:00+0100","Zch_Stampfenbachstrasse","StrGlo","d1","W/m2",13.47,"bereinigt"
"1992-12-26T00:00+0100","Zch_Stampfenbachstrasse","T","d1","°C",-0.58,"bereinigt"
"1992-12-26T00:00+0100","Zch_Stampfenbachstrasse","p","d1","hPa",977.14,"bereinigt"
"1992-12-26T00:00+0100","Zch_Stampfenbachstrasse","T_max_h1","d1","°C",-0.2,"bereinigt"
"1992-12-27T00:00+0100","Zch_Stampfenbachstrasse","StrGlo","d1","W/m2",13.86,"bereinigt"
"1992-12-27T00:00+0100","Zch_Stampfenbachstrasse","T","d1","°C",-2.03,"bereinigt"
"1992-12-27T00:00+0100","Zch_Stampfenbachstrasse","p","d1","hPa",979.78,"bereinigt"
"1992-12-27T00:00+0100","Zch_Stampfenbachstrasse","T_max_h1","d1","°C",-1.14,"bereinigt"
"1992-12-28T00:00+0100","Zch_Stampfenbachstrasse","StrGlo","d1","W/m2",58.7,"bereinigt"
"1992-12-28T00:00+0100","Zch_Stampfenbachstrasse","T","d1","°C",-2.59,"bereinigt"
"1992-12-28T00:00+0100","Zch_Stampfenbachstrasse","p","d1","hPa",979,"bereinigt"
"1992-12-28T00:00+0100","Zch_Stampfenbachstrasse","T_max_h1","d1","°C",-0.29,"bereinigt"
"1992-12-29T00:00+0100","Zch_Stampfenbachstrasse","StrGlo","d1","W/m2",22.58,"bereinigt"
"1992-12-29T00:00+0100","Zch_Stampfenbachstrasse","T","d1","°C",-3.86,"bereinigt"
"1992-12-29T00:00+0100","Zch_Stampfenbachstrasse","p","d1","hPa",975.84,"bereinigt"
"1992-12-29T00:00+0100","Zch_Stampfenbachstrasse","T_max_h1","d1","°C",-3.53,"bereinigt"
"1992-12-30T00:00+0100","Zch_Stampfenbachstrasse","StrGlo","d1","W/m2",21.97,"bereinigt"
"1992-12-30T00:00+0100","Zch_Stampfenbachstrasse","T","d1","°C",-3.43,"bereinigt"
"1992-12-30T00:00+0100","Zch_Stampfenbachstrasse","p","d1","hPa",971.31,"bereinigt"
"1992-12-30T00:00+0100","Zch_Stampfenbachstrasse","T_max_h1","d1","°C",-2.55,"bereinigt"
"1992-12-31T00:00+0100","Zch_Stampfenbachstrasse","StrGlo","d1","W/m2",17.25,"bereinigt"
"1992-12-31T00:00+0100","Zch_Stampfenbachstrasse","T","d1","°C",-3.39,"bereinigt"
"1992-12-31T00:00+0100","Zch_Stampfenbachstrasse","p","d1","hPa",970.69,"bereinigt"
"1992-12-31T00:00+0100","Zch_Stampfenbachstrasse","T_max_h1","d1","°C",-2.74,"bereinigt"
